SMILES,MolWt,LogP,QED,SAS,TPSA,H_Acceptors,H_Donors,Rotatable_Bonds,Affinity,CNNaffinity,Label
C1=CC=C(C(=O)C=C1)N,121.13899999999998,0.629,0.5466521288941935,1.903548007225556,43.09,2,1,0,0.0,3.129,-1
C1=CC=C2C(=C1)C=CC=N2,129.16199999999995,2.2348,0.5311915584041306,1.3477370589832063,12.89,1,0,0,0.0,3.472,-1
CCN1C(=O)C=C(C1=O)N,140.14199999999997,-0.7823,0.4856870582481014,3.0724995441903067,63.400000000000006,3,1,1,0.0,3.375,-1
CCN(CC)C1=NC=CN=C1,151.213,1.3228,0.6521000911705704,2.3389636117314723,29.020000000000003,3,0,3,0.0,3.56,-1
CCOC(=O)C1=CC=CC=C1,150.177,1.8633,0.601336802799046,1.135031601805915,26.3,2,0,2,0.0,3.288,-1
CCOC(=O)C1=CC=CC=C1N,165.19199999999998,1.4455,0.5326180793674542,1.5165010019672795,52.32,3,1,2,0.0,3.443,-1
