Mol,C1=CC=C(C(=O)C=C1)O,CCN(CC)C(=S)SSC(=S)N(CC)CC,C1CC2=C(C=C(C=C2C[C@H]1N3C(=CNC3=S)CN)F)F.Cl,C1[C@H](COC2=C1C=C(C=C2F)F)N3C(=CNC3=S)CCN,C1[C@H](COC2=C1C=C(C=C2F)F)N3C(=CNC3=S)CCNCC4=CC=CC=C4,Avg. Similarity
C1=CC=C(C(=O)C=C1)N,0.45454545454545453,0.03225806451612903,0.05263157894736842,0.05084745762711865,0.08955223880597014,0.13596695888840815
C1=CC=C2C(=C1)C=CC=N2,0.17857142857142858,0.0,0.03389830508474576,0.03278688524590164,0.07246376811594203,0.0635440774036036
CCN1C(=O)C=C(C1=O)N,0.11764705882352941,0.11764705882352941,0.08196721311475409,0.07936507936507936,0.05333333333333334,0.08999194869204512
CCN(CC)C1=NC=CN=C1,0.05555555555555555,0.15151515151515152,0.047619047619047616,0.046153846153846156,0.039473684210526314,0.06806345701082543
CCOC(=O)C1=CC=CC=C1,0.26666666666666666,0.11764705882352941,0.047619047619047616,0.046153846153846156,0.09722222222222222,0.11506176829706241
CCOC(=O)C1=CC=CC=C1N,0.2,0.13513513513513514,0.06060606060606061,0.07462686567164178,0.09210526315789473,0.11249466491414646
