SMILES,MolWt,LogP,QED,SAS,TPSA,H_Acceptors,H_Donors,Rotatable_Bonds,Affinity,CNNaffinity,Label
CCOCC(=O)Cl,122.551,0.7883,0.5176393193059531,2.5171774326779257,26.3,2.0,0.0,3.0,0.0,3.095,-1
C(Cl)(Cl)Cl,119.37800000000001,1.9864,0.42785917582286576,3.1750499695449035,0.0,0.0,0.0,0.0,0.0,2.615,-1
