SMILES,MolWt,LogP,QED,SAS,TPSA,H_Acceptors,H_Donors,Rotatable_Bonds,Affinity,CNNaffinity,Label
C1=CC=C(C(=O)N)C=C1C(=S)N(CC)CC,236.33999999999997,1.8028,0.8108912941880619,2.2859237884073664,46.330000000000005,2,1,4,0.0,3.516,-1
CCN(CC)C(=S)C1=CC=C(C=C1)N,208.33,2.2861,0.6101913466867862,2.2835405047204773,29.259999999999998,2,1,3,0.0,3.508,-1
CCN(CC)C(=S)C1=CC=C(C=C1)S,225.38200000000003,2.9926000000000017,0.6220849317170002,2.654395160590923,3.24,2,1,3,0.0,3.409,-1
C1=CC(=C(C=C1C(=O)N)O)C(C)C(=O)O,209.201,0.6792000000000001,0.6808340598658578,2.5738054204925067,100.62000000000002,3.0,3.0,3.0,0.0,3.039,-1
