SMILES,MolWt,LogP,QED,SAS,TPSA,H_Acceptors,H_Donors,Rotatable_Bonds,Affinity,CNNaffinity,Label
NCC(C1=CN=CS1)C1COC2=CC=CC(F)=C2C1,278.35200000000003,2.575800000000001,0.9384184427772705,3.9056478836258677,48.14,4,1,3,0.0,4.692,-1
FC1=CC(F)=CC2N1C(CO2)CNCC3=CC=CC=C3,278.30199999999996,2.4810000000000008,0.856374781397809,3.795183951793728,24.5,3,1,4,0.0,3.995,-1
NC1=CN=C(S)N1C1CC2=CC=CC(F)=C2C1,249.31399999999996,2.2330000000000005,0.7611637050596401,3.588050421990684,43.839999999999996,4,2,1,0.0,5.107,-1
NCC1=CN=C(S)N1C1COC2=CC=C(F)C=C2C1,279.34000000000003,1.9458,0.8261423828619184,3.5063827836746455,53.06999999999999,5,2,2,0.0,4.632,-1
NCC1=C(S)N=CN1C1COC2=CC=CC(F)=C2C1,279.34000000000003,1.9458,0.8261423828619184,3.692716117007979,53.06999999999999,5,2,2,0.0,5.019,-1
NC1=CN=CN1C1CC2=CC=C(F)C=C2C1,217.24699999999999,1.9443000000000001,0.7929424111578048,3.124396696769363,43.839999999999996,3,1,1,0.0,4.198,-1
NCC1=CN=C(S)N1C1COC2=CC=CC(F)=C2C1,279.34000000000003,1.9458,0.8261423828619184,3.667157142649005,53.06999999999999,5,2,2,0.0,4.623,-1
