Mol,O=c1cccccc1O,NCCc1cnc(S)n1[C@H]1COc2c(F)cc(F)cc2C1,CCN(CC)C(=S)SSC(=S)N(CC)CC,NCc1c[nH]c(=S)n1[C@H]1CCc2c(F)cc(F)cc2C1,Fc1cc(F)c2c(c1)C[C@@H](n1c(CCNCc3ccccc3)c[nH]c1=S)CO2,Avg. Similarity
NCC(C1=CN=CS1)C1COC2=CC=CC(F)=C2C1,0.06896551724137931,0.21052631578947367,0.01639344262295082,0.15584415584415584,0.15730337078651685,0.12180656045689531
FC1=CC(F)=CC2N1C(CO2)CNCC3=CC=CC=C3,0.11764705882352941,0.14473684210526316,0.017857142857142856,0.10526315789473684,0.2894736842105263,0.1349955771782397
NC1=CN=C(S)N1C1CC2=CC=CC(F)=C2C1,0.08,0.3548387096774194,0.018867924528301886,0.22727272727272727,0.1875,0.1736958722956897
NCC1=CN=C(S)N1C1COC2=CC=C(F)C=C2C1,0.07017543859649122,0.5964912280701754,0.016666666666666666,0.31343283582089554,0.2911392405063291,0.2575810819321116
NCC1=C(S)N=CN1C1COC2=CC=CC(F)=C2C1,0.07017543859649122,0.3,0.03389830508474576,0.2054794520547945,0.2,0.1619106391472063
NC1=CN=CN1C1CC2=CC=C(F)C=C2C1,0.06382978723404255,0.2698412698412698,0.041666666666666664,0.24193548387096775,0.21333333333333335,0.16612130818925602
NCC1=CN=C(S)N1C1COC2=CC=CC(F)=C2C1,0.07017543859649122,0.4918032786885246,0.016666666666666666,0.2571428571428571,0.24390243902439024,0.21593813602378598
