SMILES,MolWt,LogP,QED,SAS,TPSA,H_Acceptors,H_Donors,Rotatable_Bonds,Affinity,CNNaffinity,Label
C1CC2=C(C=C(C=C2C[C@H]1N3C(=CNC3=S)C(=O)CC)F)F.Cl,358.84100000000007,4.5683900000000035,0.6443944033250532,3.5723490473671387,37.79,3,1,3,0.0,5.473,-1
C1=CC(=C(C(=O)N2C(=CNC2=S)CN)C=C1)O,249.295,1.39849,0.7023199368003895,2.7657405589272983,84.04,5,3,2,0.0,4.078,-1
C1[C@H](COC2=C1C=C(C=C2F)F)N3C(=CNC3=S)CCN(C)C,339.4110000000001,3.104190000000002,0.8691960039620923,3.521631786200885,33.19,4,1,4,0.0,4.941,-1
C1[C@H](COC2=C1C=C(C=C2F)C)N3C(=CNC3=S)CCN,307.39400000000006,2.67061,0.8572648167604432,3.5653539925249307,55.97,4,2,3,0.0,4.828,-1
C1CC2=C(C=C(C=C2C[C@H]1N3C(=CNC3=S)C(=O)C(C)C)F)F.Cl,372.868,4.814390000000004,0.6195292293358645,3.5933856345247612,37.79,3,1,3,0.0,5.56,-1
C1=CC(=C(C(=O)N2C(=CNC2=S)CC)C=C1)O,248.307,2.502190000000001,0.802743881672509,2.686360853526317,58.019999999999996,4,2,2,0.0,4.512,-1
C1[C@H](COC2=C1C=C(C=C2F)F)N3C(=CNC3=S)C(C)CCNCC4=CC=CC=C4,429.5360000000002,5.283490000000004,0.39646735477519024,3.682991476661302,41.98,4,2,7,0.0,5.149,-1
