SMILES,MolWt,LogP,QED,SAS,TPSA,H_Acceptors,H_Donors,Rotatable_Bonds,Affinity,CNNaffinity,Label
CCN(CC)C(=S)SCC(=S)N(CC)C(=O)C,292.49500000000006,2.5421000000000005,0.7248185632340901,3.2118760223999967,23.55,4,0,5,0.0,3.91,-1
C1[C@H](COC2=C1C=C(C=C2Cl)F)N3C(=CNC3=S)CCN,327.81200000000007,3.0155900000000004,0.852017112293189,3.563849690047747,55.97,4,2,3,0.0,4.968,-1
C1[C@H](COC2=C1C=C(C=C2F)Cl)N3C(=CNC3=S)CCNCC4=CC=CC=C4,417.9370000000001,4.846690000000003,0.4448554639191132,3.2633533506247563,41.98,4,2,6,0.0,5.203,-1
C1CC2=C(C=C(C=C2C[C@H]1N3C(=CNC3=S)C)Cl)F,296.798,4.376610000000002,0.7747468184981317,3.4333801711927867,20.72,2,1,1,0.0,5.117,-1
