Mol,C1=CC=C(C(=O)C=C1)O,CCN(CC)C(=S)SSC(=S)N(CC)CC,C1CC2=C(C=C(C=C2C[C@H]1N3C(=CNC3=S)CN)F)F.Cl,C1[C@H](COC2=C1C=C(C=C2F)F)N3C(=CNC3=S)CCN,C1[C@H](COC2=C1C=C(C=C2F)F)N3C(=CNC3=S)CCNCC4=CC=CC=C4,Avg. Similarity
C1CC2=C(C=C(C=C2C[C@H]1N3C(=CNC3=S)C(=O)CC)F)F.Cl,0.06557377049180328,0.08333333333333333,0.631578947368421,0.39705882352941174,0.34177215189873417,0.3038634053243407
C1=CC(=C(C(=O)N2C(=CNC2=S)CN)C=C1)O,0.23809523809523808,0.061224489795918366,0.2698412698412698,0.22388059701492538,0.2077922077922078,0.2001667605079119
C1[C@H](COC2=C1C=C(C=C2F)F)N3C(=CNC3=S)CCN(C)C,0.03125,0.06451612903225806,0.46875,0.7777777777777778,0.6461538461538462,0.3976895505927764
C1[C@H](COC2=C1C=C(C=C2F)C)N3C(=CNC3=S)CCN,0.03225806451612903,0.04918032786885246,0.4375,0.8076923076923077,0.5671641791044776,0.3787589758363533
C1CC2=C(C=C(C=C2C[C@H]1N3C(=CNC3=S)C(=O)C(C)C)F)F.Cl,0.06557377049180328,0.04838709677419355,0.603448275862069,0.37681159420289856,0.325,0.2838441474661929
C1=CC(=C(C(=O)N2C(=CNC2=S)CC)C=C1)O,0.23809523809523808,0.10638297872340426,0.19402985074626866,0.18840579710144928,0.2077922077922078,0.1869412144917136
C1[C@H](COC2=C1C=C(C=C2F)F)N3C(=CNC3=S)C(C)CCNCC4=CC=CC=C4,0.08450704225352113,0.04054054054054054,0.34615384615384615,0.5285714285714286,0.7352941176470589,0.34701339503327905
