SMILES,MolWt,LogP,QED,SAS,TPSA,H_Acceptors,H_Donors,Rotatable_Bonds,Affinity,CNNaffinity,Label
C1CC2=C(C=C(C=C2C[C@H]1N3C(=CNC3=S)CN)Cl)Cl,328.26800000000003,4.041190000000002,0.8174592710897063,3.4441946904866203,46.739999999999995,3,2,2,0.0,5.039,-1
C1CC2=C(C=C(C=C2C[C@H]1N3C(=CNC3=S)CN)Cl)F,311.81300000000005,3.5268900000000016,0.833543137891185,3.4809685915855217,46.739999999999995,3,2,2,0.0,5.196,-1
C1[C@H](COC2=C1C=C(C=C2F)F)N3C(=CNC3=S)CCNCC4=CC=CC=C4,401.48200000000014,4.332390000000003,0.4771884626228307,3.255112324983731,41.98,4,2,6,0.0,5.45,-1
C1[C@H](COC2=C1C=C(C=C2F)F)N3C(=CNC3=S)CCN,311.3570000000001,2.50129,0.8564457734257231,3.5764262219903804,55.97,4,2,3,0.0,5.01,-1
C1[C@H](COC2=C1C=C(C=C2F)F)N3C(=CNC3=S)CCNCC4=CC=C(Cl)C=C4,435.92700000000013,4.985790000000004,0.4233188714470951,3.305771884933632,41.98,4,2,6,0.0,5.525,-1
