SMILES,MolWt,LogP,QED,SAS,TPSA,H_Acceptors,H_Donors,Rotatable_Bonds,Affinity,CNNaffinity,Label
C1CC2=C(C=C(C=C2C[C@H]1N3C(=NC=C3)CN)F)F.Cl,299.752,2.771800000000001,0.9264834564113757,3.3670482369401666,43.84,3.0,1.0,2.0,0.0,4.814,-1
C1[C@H](COC2=C1C=C(C=C2F)F)N3C(=NNC3=S)CCNCC4=CC=CC=C4,402.47000000000014,3.7273900000000024,0.48739369305401437,3.168898649770057,54.870000000000005,5.0,2.0,6.0,0.0,5.347,-1
C1[C@H](COC2=C1C=C(C=C2F)F)N3C(=NNC3=S)CCN,312.3450000000001,1.89629,0.8494438100697611,3.4597172259017235,68.86,5.0,2.0,3.0,0.0,5.002,-1
C1[C@H](COC2=C1C=C(C=C2F)F)N3C(=NC=N3)CCNCC4=CC=CN=C4,371.3910000000001,2.4598000000000004,0.6746200272737443,3.303541593614244,64.86,6.0,1.0,6.0,0.0,5.395,-1
C1CC2=C(C=C(C=C2C[C@H]1N3C(=NNC3=S)CN)F)F.Cl,332.80699999999996,2.8293900000000005,0.8313526268279517,3.4837896063312845,59.629999999999995,4.0,2.0,2.0,0.0,4.85,-1
C1[C@H](COC2=C1C=C(C=C2F)F)N3C(=NNC3=S)CCNCC4=CC=NC=C4,403.45800000000014,3.122390000000001,0.48901724091585924,3.340968735240141,67.76,6.0,2.0,6.0,0.0,5.488,-1
C1[C@H](COC2=C1C=C(C=C2F)F)N3C(=NC=C3)CCNCC4=CC=NC=C4,370.4030000000001,3.064800000000001,0.677867591956367,3.258290960702852,51.97,5.0,1.0,6.0,0.0,5.239,-1
C1[C@H](COC2=C1C=C(C=C2F)F)N3C(=NC=C3)CCN,279.29,1.8387,0.9323930195640139,3.370222914893792,53.07,4.0,1.0,3.0,0.0,4.699,-1
C1CC2=C(C=C(C=C2C[C@H]1N3C(=NC=N3)CN)F)F.Cl,300.73999999999995,2.1668,0.9245325217982062,3.4302924327443627,56.730000000000004,4.0,1.0,2.0,0.0,5.581,-1
