SMILES,MolWt,LogP,QED,SAS,TPSA,H_Acceptors,H_Donors,Rotatable_Bonds,Affinity,CNNaffinity,Label
NCc1c[nH]c(=S)n1C1CCc2cc(F)cc(F)c2C1,295.358,3.012590000000001,0.8366753653948864,3.4673869981789283,46.74,3.0,2.0,2.0,0.0,4.8,-1
NCCc1cnc(N)n1C1COc2ccc(F)cc2C1,276.31500000000005,1.2817999999999992,0.8848329942186205,3.3390544938411617,79.08999999999999,5.0,2.0,3.0,0.0,4.649,-1
