SMILES,MolWt,LogP,QED,SAS,TPSA,H_Acceptors,H_Donors,Rotatable_Bonds,Affinity,CNNaffinity,Label
C1C(C(=O)C2=C(C=C(C=C2F)F)C1=O)N3C(=CNC3=S)CCN,337.3510000000001,2.33549,0.8425669914270522,3.6796824043327527,80.88,5,2,3,0.0,4.924,-1
C1[C@H](COC2=C1C=C(C=C2Cl)F)N3C(=CNC3=O)CCN,311.7440000000001,1.6462999999999999,0.9049292151479528,3.5405294814427926,73.03999999999999,4,2,3,0.0,4.931,-1
C1[C@H](COC2=C1C=C(C=C2Cl)F)N3C(=CNC3=S)CCN,327.81200000000007,3.0155900000000004,0.852017112293189,3.563849690047747,55.97,4,2,3,0.0,4.873,-1
C1CC=C(C2=C(C=C(C=C2C1=O)F)F)N3C(=CNC3=S)CCN,335.3790000000001,3.1907900000000007,0.8468919884698122,3.306533522973834,63.81,4,2,3,0.0,5.022,-1
C1CC2=C(C=C(C=C2C[C@H]1N3C(=CNC3=O)CN)Cl)F,295.74499999999995,2.1576,0.8915617895152688,3.4563990860910163,63.81,3,2,2,0.0,5.262,-1
C1CC2=C(C=C(C=C2C[C@H]1N3C(=CNC3=O)CN)F)Cl,295.745,2.1576,0.8915617895152688,3.4477205146624446,63.81,3,2,2,0.0,4.757,-1
