SMILES,MolWt,LogP,QED,SAS,TPSA,H_Acceptors,H_Donors,Rotatable_Bonds,Affinity,CNNaffinity,Label
CC(N1CCN(C(=O)Cn2ccnc2)CC1)C(=O)Nc1cc(-c2nc(C)nc3[nH]ccc23)ccc1,472.55300000000017,2.30122,0.44542127157210565,3.132125739953926,112.03999999999999,7,2,6,-9.97,7.778,-1
Cn1c(C(=O)NCCN2CCCC2)cc2c(-c3ccc(NC(=O)c4ccc(C#N)cc4)cc3)ncnc21,493.57100000000014,3.584880000000002,0.40655798148910866,2.511766462951833,115.94,7,2,7,-8.48,8.064,-1
CC(Nc1cc(-c2c(N)nn3cccnc23)ncn1)c1ccccc1,331.38300000000004,2.941600000000001,0.5969510857514744,2.9969357612582765,94.02,7,2,4,-8.09,7.073,-1
