SMILES,MolWt,LogP,QED,SAS,TPSA,H_Acceptors,H_Donors,Rotatable_Bonds,Affinity,CNNaffinity,Label
Nc1nc(O)c2nc(CNc3ccc(C(=O)NCCOC)cc3)cnc2n1,369.3850000000001,0.6958999999999991,0.4414180505152272,2.5253944933065533,148.17000000000002,9,4,7,13.28,5.542,-1
Nc1nc(=O)c2nc(CNCC3CCCCC3)cnc2[nH]1,288.3549999999999,0.965199999999999,0.7728895524795757,2.5835959533451582,109.58000000000001,6,3,4,13.61,5.118,-1
Nc1nc(O)c2nc(CNc3ccc(C(=O)NCCCO)cc3)cnc2n1,369.3850000000001,0.4318999999999992,0.3721362863190284,2.5544480397601,159.16999999999996,9,5,7,14.7,5.887,-1
Nc1nc(O)c2nc(CNc3ccc(C(=O)NCCO)cc3)cnc2n1,355.35800000000006,0.04179999999999923,0.4112196768095252,2.548382088216261,159.16999999999996,9,5,6,15.81,5.75,-1
Nc1nc(O)c2nc(CNc3ccc(C(=O)NCC)cc3)cnc2n1,339.35900000000004,1.0694,0.5411401821444394,2.5076965232839026,138.94,8,4,5,17.37,5.586,-1
Nc1nc(O)c2nc(CNc3ccc(C(=O)NCC(=O)O)cc3)cnc2n1,369.34100000000007,0.13409999999999894,0.40122304348461324,2.5461496460485478,176.23999999999995,9,5,6,15.45,5.527,-1
Nc1nc2[nH]cc(CN(C)C3CCCCC3)c2c(=O)[nH]1,275.35599999999994,1.5978999999999999,0.7931643889494407,2.794786240735567,90.79999999999998,4,3,3,4.36,5.609,-1
Nc1nc(=O)c2nc(CN(C)Cc3ccccn3)cnc2[nH]1,297.322,0.3222999999999994,0.7125350754098386,2.6072442363076362,113.68,7,2,4,12.54,6.058,-1
Nc1nc(O)c2nc(CNc3ccc(C(=O)NCCN)cc3)cnc2n1,354.3740000000001,0.00820000000000004,0.40961507695301885,2.5790082836424553,164.95999999999998,9,5,6,18.08,5.81,-1
