Mol,Nc1nc(=O)c2nc(CNc3ccc(C(=O)N[C@@H](CCC(=O)O)C(=O)O)cc3)cnc2[nH]1,Nc1nc(O)c2nc(CNc3ccc(C(=O)O)cc3)cnc2n1,CN(Cc1cnc2nc(N)nc(N)c2n1)c1ccc(C(=O)N[C@@H](CCC(=O)O)C(=O)O)cc1,C#CCN(Cc1ccc2[nH]c(N)nc(=O)c2c1)c1ccc(C(=O)N[C@@H](CCC(=O)O)C(=O)O)cc1,Nc1nc2[nH]cc(CCc3ccc(C(=O)N[C@@H](CCC(=O)O)C(=O)O)cc3)c2c(=O)[nH]1,Nc1nc2ncc(C(=O)O)nc2c(=O)[nH]1,Nc1nc(=O)c2c([nH]1)NCC(CNc1ccc(C(=O)N[C@@H](CCC(=O)O)C(=O)O)cc1)N2C=O,CN1c2c([nH]c(N)nc2=O)NC[C@@H]1CNc1ccc(C(=O)N[C@@H](CCC(=O)O)C(=O)O)cc1,Avg. Similarity
Nc1nc(O)c2nc(CNc3ccc(C(=O)NCCOC)cc3)cnc2n1,0.4025974025974026,0.7090909090909091,0.35802469135802467,0.16,0.17582417582417584,0.23529411764705882,0.20618556701030927,0.22340425531914893,0.30880263985587864
Nc1nc(=O)c2nc(CNCC3CCCCC3)cnc2[nH]1,0.43478260869565216,0.26865671641791045,0.20238095238095238,0.18888888888888888,0.1951219512195122,0.2711864406779661,0.2413793103448276,0.23255813953488372,0.2543693760200742
Nc1nc(O)c2nc(CNc3ccc(C(=O)NCCCO)cc3)cnc2n1,0.38961038961038963,0.7222222222222222,0.345679012345679,0.16161616161616163,0.17777777777777778,0.23880597014925373,0.20833333333333334,0.2127659574468085,0.30710135306270325
Nc1nc(O)c2nc(CNc3ccc(C(=O)NCCO)cc3)cnc2n1,0.4,0.75,0.35443037974683544,0.16494845360824742,0.18181818181818182,0.24615384615384617,0.2127659574468085,0.21739130434782608,0.31593851539021817
Nc1nc(O)c2nc(CNc3ccc(C(=O)NCC)cc3)cnc2n1,0.4246575342465753,0.7647058823529411,0.39473684210526316,0.17894736842105263,0.19767441860465115,0.25,0.22826086956521738,0.24719101123595505,0.335771740816457
Nc1nc(O)c2nc(CNc3ccc(C(=O)NCC(=O)O)cc3)cnc2n1,0.4383561643835616,0.7843137254901961,0.38961038961038963,0.18947368421052632,0.20930232558139536,0.2857142857142857,0.2391304347826087,0.24444444444444444,0.34754318177717597
Nc1nc2[nH]cc(CN(C)C3CCCCC3)c2c(=O)[nH]1,0.16470588235294117,0.13333333333333333,0.16091954022988506,0.17582417582417584,0.3611111111111111,0.25,0.17391304347826086,0.19101123595505617,0.20135229028559545
Nc1nc(=O)c2nc(CN(C)Cc3ccccn3)cnc2[nH]1,0.3888888888888889,0.22857142857142856,0.275,0.21348314606741572,0.1927710843373494,0.2459016393442623,0.1978021978021978,0.2159090909090909,0.24479093449007922
Nc1nc(O)c2nc(CNc3ccc(C(=O)NCCN)cc3)cnc2n1,0.4,0.75,0.35443037974683544,0.16494845360824742,0.18181818181818182,0.24615384615384617,0.2127659574468085,0.21739130434782608,0.31593851539021817
