SMILES,MolWt,LogP,QED,SAS,TPSA,H_Acceptors,H_Donors,Rotatable_Bonds,Affinity,CNNaffinity,Label
C1=CC=C(C(=O)C=C1)I,232.01999999999998,1.6514,0.621312064468215,2.0718950841486343,17.07,1,0,0,0.0,3.789,-1
C1[C@H](COC2=C1C=C(C=C2F)F)N3C(=CNC3=O)CCN,295.28900000000004,1.132,0.8913389800024355,3.5531060133854266,73.03999999999999,4,2,3,0.0,5.08,-1
C1CC2=C(C=C(C=C2C[C@H]1N3C(=CNC3=O)CN)F)F,279.28999999999996,1.6433,0.8775177885311028,3.4444790311459608,63.81,3,2,2,0.0,4.904,-1
