Mol,C1=CC=C(C(=O)C=C1)O,CCN(CC)C(=S)SSC(=S)N(CC)CC,C1CC2=C(C=C(C=C2C[C@H]1N3C(=CNC3=S)CN)F)F.Cl,C1[C@H](COC2=C1C=C(C=C2F)F)N3C(=CNC3=S)CCN,C1[C@H](COC2=C1C=C(C=C2F)F)N3C(=CNC3=S)CCNCC4=CC=CC=C4,Avg. Similarity
C1=CC=C(C(=O)C=C1)I,0.45454545454545453,0.0,0.05263157894736842,0.05084745762711865,0.10606060606060606,0.13281701943610952
C1[C@H](COC2=C1C=C(C=C2F)F)N3C(=CNC3=O)CCN,0.06896551724137931,0.01639344262295082,0.42857142857142855,0.7692307692307693,0.5373134328358209,0.3640949181004698
C1CC2=C(C=C(C=C2C[C@H]1N3C(=CNC3=O)CN)F)F,0.07407407407407407,0.017543859649122806,0.7551020408163265,0.41935483870967744,0.32,0.31721496264984017
