SMILES,MolWt,LogP,QED,SAS,TPSA,H_Acceptors,H_Donors,Rotatable_Bonds,Affinity,CNNaffinity,Label
C1=CC=C(C(=O)C=C1)N,121.13899999999998,0.629,0.5466521288941935,1.903548007225556,43.09,2,1,0,0.0,3.234,-1
C1=CC=C(C(=O)C=C1)S,138.19099999999997,1.3355,0.5351757163705214,2.31246369953325,17.07,2,1,0,0.0,3.154,-1
CCN(CC)C(=S)SSSC(=S)N(CC)CC,328.61900000000014,4.269400000000004,0.5236268245045065,3.3988727356867097,6.48,5,0,6,0.0,3.565,-1
C1=CC=C(C(=O)C=C1)N,121.13899999999998,0.629,0.5466521288941935,1.903548007225556,43.09,2,1,0,0.0,3.128,-1
C1=CC=C(C(=O)N=C1)O,123.11099999999998,0.1473999999999997,0.5337351644992331,2.1998833918409417,50.19,3,1,0,0.0,3.276,-1
C1=CC=C(C(=O)C=C1)N,121.13899999999998,0.629,0.5466521288941935,1.903548007225556,43.09,2.0,1.0,0.0,0.0,3.217,-1
