SMILES,MolWt,LogP,QED,SAS,TPSA,H_Acceptors,H_Donors,Rotatable_Bonds,Affinity,CNNaffinity,Label
CCOC(=O)C1=CC=CC=C1C2=CC=CC=C2,226.275,3.530300000000002,0.7482341698657821,1.370856534744794,26.3,2,0,3,0.0,4.217,-1
CC1=CC=C(C=C1)C2=NC=CN2C3=CC=CC=C3,234.30200000000005,3.8477200000000025,0.6582461351983141,1.724560273597138,17.82,2,0,2,0.0,4.933,-1
CC1=CC=CC=C1C(=O)NC2=CC=CC=C2,211.264,3.247320000000001,0.8112788228538133,1.2106752312011757,29.1,1,1,2,0.0,3.751,-1
CC(C)OC(=O)N1CCN(CC1)C2=CC=CC=C2,248.326,2.3536,0.8051206277605496,1.7132308106073015,32.78,3,0,2,0.0,4.08,-1
CC1=CC=C(C=C1)C(=O)NCC(O)CO,209.245,0.0780200000000001,0.6573342290854912,2.09933487640245,69.56,3,3,4,0.0,4.173,-1
CC(C)OC(=O)N1CCCC1C(=O)OC(C)C,243.303,1.9474,0.7108104797173722,2.6697142681445314,55.84,4,0,3,0.0,4.628,-1
CC1CCN(CC1)C(=O)C2=CC=CC=C2,203.28500000000005,2.558700000000001,0.6865863113783013,1.4669216697878174,20.31,1,0,1,0.0,4.385,-1
CCOC(=O)N1CCN(CC1)C(=O)C,200.238,0.3069999999999999,0.6116616403391661,1.7635299784046872,49.85,3,0,1,0.0,3.715,-1
