SMILES,MolWt,LogP,QED,SAS,TPSA,H_Acceptors,H_Donors,Rotatable_Bonds,Affinity,CNNaffinity,Label
CCOC(=O)C1=CC=CC=C1C2=CC=CC=C2,226.275,3.530300000000002,0.7482341698657821,1.370856534744794,26.3,2,0,3,0.0,4.217,-1
CC1=CC=C(C=C1)C2=NC=CN2C3=CC=CC=C3,234.30200000000005,3.8477200000000025,0.6582461351983141,1.7245602735971381,17.82,2,0,2,0.0,4.933,-1
CC1=CC=CC=C1C(=O)NC2=CC=CC=C2,211.264,3.247320000000001,0.8112788228538133,1.2106752312011757,29.1,1,1,2,0.0,3.751,-1
