Mol,O=c1cccccc1O,NCCc1cnc(S)n1[C@H]1COc2c(F)cc(F)cc2C1,CCN(CC)C(=S)SSC(=S)N(CC)CC,NCc1c[nH]c(=S)n1[C@H]1CCc2c(F)cc(F)cc2C1,Fc1cc(F)c2c(c1)C[C@@H](n1c(CCNCc3ccccc3)c[nH]c1=S)CO2,Avg. Similarity
CCOC(=O)C1=CC=CC=C1C2=CC=CC=C2,0.2222222222222222,0.04225352112676056,0.1,0.04411764705882353,0.08974358974358974,0.09966739603027922
CC1=CC=C(C=C1)C2=NC=CN2C3=CC=CC=C3,0.15789473684210525,0.07246376811594203,0.023255813953488372,0.04411764705882353,0.1038961038961039,0.0803256139732926
CC1=CC=CC=C1C(=O)NC2=CC=CC=C2,0.24242424242424243,0.028985507246376812,0.05128205128205128,0.030303030303030304,0.09333333333333334,0.08926563291780684
CC(C)OC(=O)N1CCN(CC1)C2=CC=CC=C2,0.20512820512820512,0.0547945205479452,0.06818181818181818,0.05714285714285714,0.1,0.09704948020016513
CC1=CC=C(C=C1)C(=O)NCC(O)CO,0.125,0.041666666666666664,0.07142857142857142,0.043478260869565216,0.06172839506172839,0.06866037880530634
CC(C)OC(=O)N1CCCC1C(=O)OC(C)C,0.046511627906976744,0.041666666666666664,0.046511627906976744,0.058823529411764705,0.03614457831325301,0.04593160604112757
CC1CCN(CC1)C(=O)C2=CC=CC=C2,0.22857142857142856,0.07352941176470588,0.04878048780487805,0.09375,0.12,0.11292626562820249
CCOC(=O)N1CCN(CC1)C(=O)C,0.05555555555555555,0.046153846153846156,0.11764705882352941,0.04838709677419355,0.039473684210526314,0.0614434483035302
