Mol,O=c1cccccc1O,NCCc1cnc(S)n1[C@H]1COc2c(F)cc(F)cc2C1,CCN(CC)C(=S)SSC(=S)N(CC)CC,NCc1c[nH]c(=S)n1[C@H]1CCc2c(F)cc(F)cc2C1,Fc1cc(F)c2c(c1)C[C@@H](n1c(CCNCc3ccccc3)c[nH]c1=S)CO2,CCCCCCCCCCCCCCCC(=O)O,OCCOCCOCCOCCO,C[C@H](CCC(C)C1CCC2C3CCC4=CC(O)CCC4(C)C3CCC12C)O,CC(C)CCC1=C(C(=C2C1OC(C(C2)(C)C)CO)C)C,OCC1OC(OCC2OC(O)(CO)C(O)C(O)C2O)C(O)C(O)C1O,Avg. Similarity
CCOC(=O)C1=CC=CC=C1C2=CC=CC=C2,0.2222222222222222,0.04225352112676056,0.1,0.04411764705882353,0.08974358974358974,0.18421052631578946,0.11428571428571428,0.07142857142857142,0.11864406779661017,0.08620689655172414,0.10731127565298056
CC1=CC=C(C=C1)C2=NC=CN2C3=CC=CC=C3,0.15789473684210525,0.07246376811594203,0.023255813953488372,0.04411764705882353,0.1038961038961039,0.046511627906976744,0.0,0.041666666666666664,0.06451612903225806,0.016129032258064516,0.0570451525730429
CC1=CC=CC=C1C(=O)NC2=CC=CC=C2,0.24242424242424243,0.028985507246376812,0.05128205128205128,0.030303030303030304,0.09333333333333334,0.13513513513513514,0.02857142857142857,0.058823529411764705,0.08620689655172414,0.034482758620689655,0.07895479128797764
CC(C)OC(=O)N1CCN(CC1)C2=CC=CC=C2,0.20512820512820512,0.0547945205479452,0.06818181818181818,0.05714285714285714,0.1,0.11627906976744186,0.05,0.09859154929577464,0.11290322580645161,0.047619047619047616,0.09106402934895415
CC1=CC=C(C=C1)C(=O)NCC(O)CO,0.125,0.041666666666666664,0.07142857142857142,0.043478260869565216,0.06172839506172839,0.12195121951219512,0.08108108108108109,0.10144927536231885,0.11666666666666667,0.0847457627118644,0.08491958993606578
CC(C)OC(=O)N1CCCC1C(=O)OC(C)C,0.046511627906976744,0.041666666666666664,0.046511627906976744,0.058823529411764705,0.03614457831325301,0.09523809523809523,0.05263157894736842,0.10144927536231885,0.09836065573770492,0.06666666666666667,0.0644004302157792
CC1CCN(CC1)C(=O)C2=CC=CC=C2,0.22857142857142856,0.07352941176470588,0.04878048780487805,0.09375,0.12,0.1282051282051282,0.02702702702702703,0.1044776119402985,0.1016949152542373,0.06896551724137931,0.09950015278090828
CCOC(=O)N1CCN(CC1)C(=O)C,0.05555555555555555,0.046153846153846156,0.11764705882352941,0.04838709677419355,0.039473684210526314,0.18181818181818182,0.1,0.06153846153846154,0.09090909090909091,0.05555555555555555,0.07970385313389408
