SMILES,MolWt,LogP,QED,SAS,TPSA,H_Acceptors,H_Donors,Rotatable_Bonds,Affinity,CNNaffinity,Label
CC(Nc1cc(-c2c(N)nn3cccnc23)ncn1)c1ccccc1,331.38300000000004,2.941600000000001,0.5969510857514744,2.9969357612582765,94.02,7.0,2.0,4.0,-8.79,7.087,-1
Cn1c(C(=O)NCCN2CCCC2)cc2c(-c3ccc(NC(=O)c4ccc(C#N)cc4)cc3)ncnc21,493.57100000000014,3.584880000000002,0.40655798148910866,2.511766462951833,115.94,7.0,2.0,7.0,-8.61,7.734,-1
Nc1nn2cccnc2c1-c1cc(NC2CCc3ccc(C)cc32)ncn1,357.42100000000005,3.1763200000000014,0.584775328120622,3.246251817567506,94.02,7.0,2.0,3.0,-8.52,7.244,-1
O=C(Nc1nc2cccc(-c3ccc(CN4CCS(=O)(=O)CC4)cc3)n2n1)C1CC1,425.5140000000002,1.9751999999999998,0.6714427615145171,2.583168487121016,96.67,7.0,1.0,5.0,-9.44,7.47,-1
Nc1nn2cccnc2c1-c1cc(NC2CCc3ccccc32)ncn1,343.394,2.8679000000000014,0.5939290175741415,3.156003689254147,94.02,7.0,2.0,3.0,-9.02,7.244,-1
CC(=O)NC1CCc2ccc(Oc3cnc4[nH]cc(C(=O)NC(C(=O)N5CC(C#N)C5)C5CC(C)C5)c4n3)cc21,541.6120000000003,3.0000800000000005,0.4155650915904885,3.993883559099422,153.09999999999997,7.0,3.0,7.0,-10.13,8.608,-1
CC(=O)NC1CCc2ccc(Oc3cnc4[nH]cc(C(=O)NC(C(=O)N5CC(C#N)C5)C5CCC5)c4n3)cc21,527.5850000000004,2.75408,0.4269719711801375,3.892231597225595,153.09999999999997,7.0,3.0,7.0,-9.24,8.585,-1
O=C(Nc1nc2cccc(-c3ccc(CN4CCS(=O)(=O)CC4)cc3)n2n1)C1CC1C,439.54100000000017,2.2211999999999996,0.6548638875338996,3.3689233430044476,96.67,7.0,1.0,5.0,-9.83,7.388,-1
