Mol,C1=CC=C(C(=O)C=C1)O,CCN(CC)C(=S)SSC(=S)N(CC)CC,C1CC2=C(C=C(C=C2C[C@H]1N3C(=CNC3=S)CN)F)F.Cl,C1[C@H](COC2=C1C=C(C=C2F)F)N3C(=CNC3=S)CCN,C1[C@H](COC2=C1C=C(C=C2F)F)N3C(=CNC3=S)CCNCC4=CC=CC=C4,Avg. Similarity
C1CC2=C(C=C(C=C2C[C@H]1N3C(=CNC3=O)CN)F)F.Cl,0.07272727272727272,0.017241379310344827,0.7755102040816326,0.4126984126984127,0.3157894736842105,0.31879334850037466
C1CC2=C(C=C(C=C2C[C@H]1N3C(=CNC3=O)C(=O)N)F)F,0.09090909090909091,0.01694915254237288,0.5172413793103449,0.3235294117647059,0.2625,0.24222580690530293
C1[C@H](COC2=C1C=C(C=C2Cl)F)N3C(=CNC3=S)CCNCC4=CC=CC=C4,0.08695652173913043,0.0273972602739726,0.37333333333333335,0.5671641791044776,0.8412698412698413,0.37922422714415105
C1[C@H](COC2=C1C=C(C=C2F)F)N3C(=CNC3=O)CCN,0.06896551724137931,0.01639344262295082,0.42857142857142855,0.7692307692307693,0.5373134328358209,0.3640949181004698
C1[C@H](COC2=C1C=C(C=C2F)Cl)N3C(=CNC3=S)CCNCC4=CC=CC=C4,0.08695652173913043,0.0273972602739726,0.33766233766233766,0.5671641791044776,0.8412698412698413,0.3720900280099519
C1[C@H](COC2=C1C=C(C=C2Cl)F)N3C(=CNC3=O)CCN,0.06557377049180328,0.015625,0.3880597014925373,0.6379310344827587,0.4520547945205479,0.31184886019752944
