SMILES,MolWt,LogP,QED,SAS,TPSA,H_Acceptors,H_Donors,Rotatable_Bonds,Affinity,CNNaffinity,Label
CCN(CC)C(=S)SSC(=S)N(CC)C,282.52500000000003,3.2311000000000023,0.5748826853530369,3.3674502785672296,6.48,4,0,3,0.0,3.406,-1
C1[C@H](COC2=C1C=CC=C2Cl)N3C(=CNC3=S)CCNCC4=CC=CC=C4,399.9470000000002,4.707590000000003,0.4656952109765535,3.165127377450661,41.98,4,2,6,0.0,5.051,-1
C1[C@H](COC2=C1C=C(C=C2Cl)F)N3C(=CNC3=S)CCN,327.81200000000007,3.0155900000000004,0.852017112293189,3.563849690047747,55.97,4,2,3,0.0,5.077,-1
C1CC2=C(C=C(C=C2C[C@H]1N3C(=CNC3=S)CN)Cl)F,311.81300000000005,3.5268900000000016,0.833543137891185,3.4809685915855217,46.74,3,2,2,0.0,5.082,-1
C1[C@H](COC2=C1C=CC=C2F)N3C(=CN=C3)CCNCC4=CC=CC=C4,351.425,3.530700000000002,0.6907361764272697,3.0160280648785243,39.08,4,1,6,0.0,4.989,-1
