SMILES,MolWt,LogP,QED,SAS,TPSA,H_Acceptors,H_Donors,Rotatable_Bonds,Affinity,CNNaffinity,Label
Cn1c(C(=O)NCCN2CCCC2)cc2c(-c3ccc(NC(=O)c4ccc(C#N)cc4)cc3)ncnc21,493.57100000000014,3.584880000000002,0.40655798148910866,2.511766462951833,115.94,7,2,7,-8.42,7.927,-1
CC(Nc1cc(-c2c(N)nn3cccnc23)ncn1)c1ccccc1,331.38300000000004,2.941600000000001,0.5969510857514744,2.9969357612582765,94.02,7,2,4,-8.15,7.167,-1
Nc1nn2cccnc2c1-c1cc(NC2CCc3ccccc32)ncn1,343.394,2.8679000000000014,0.5939290175741415,3.156003689254147,94.02,7,2,3,-9.4,7.432,-1
O=C(Nc1nc2cccc(-c3ccc(CN4CCS(=O)(=O)CC4)cc3)n2n1)C1CC1,425.5140000000002,1.9751999999999998,0.6714427615145171,2.583168487121016,96.67,7,1,5,-9.58,7.233,-1
