SMILES,MolWt,LogP,QED,SAS,TPSA,H_Acceptors,H_Donors,Rotatable_Bonds,Affinity,CNNaffinity,Label
C1=CC(=C(C(=O)N2C(=CNC2=S)CC)C=C1)F,250.29799999999997,2.935690000000002,0.8320614358826472,2.6145847487800005,37.79,3,1,2,0.0,4.929,-1
C1[C@H](COC2=C1C=C(C=C2Cl)F)N3C(=CNC3=S)CCN(CC)C,369.89300000000014,4.0085900000000025,0.808277115667854,3.5559925913272874,33.19,4,1,5,0.0,5.036,-1
CCN(CC)C(=S)C1=C(C=C(C=C1)N2C(=CNC2=S)CC)C(=O)C,361.5360000000002,4.317190000000004,0.6145286854589792,3.043836354285876,41.03,4,1,6,0.0,5.136,-1
CCN(CC)C(=S)C1=C(C=C(C=C1)C(=O)N2C(=CNC2=S))F,337.445,3.390590000000002,0.868485287308245,3.0242772033406027,41.03,4,1,4,0.0,5.086,-1
C1=C(C=C(C(=O)N2C(=CNC2=S)CC)C=C1)O,248.307,2.502190000000001,0.802743881672509,2.6919965327407205,58.019999999999996,4,2,2,0.0,4.673,-1
CCN(CC)C(=S)C1=C(C=C(C=C1)F)C(=O)N2C(=CNC2=S),337.445,3.3905900000000013,0.868485287308245,3.08760028026368,41.03,4,1,4,0.0,4.666,-1
C1CC2=C(C=C(C=C2C[C@H]1N3C(=CNC3=S)N(CC)CC)F)O,335.4480000000001,3.966590000000003,0.8312017575983003,3.6417817862008857,44.19,4,2,4,0.0,5.017,-1
C1[C@H](COC2=C1C=C(C=C2N(CC)CC)Cl)N3C(=CNC3=S),337.876,4.221490000000003,0.8478144500579119,3.613870100562691,33.19,4,1,4,0.0,4.73,-1
