SMILES,MolWt,LogP,QED,SAS,TPSA,H_Acceptors,H_Donors,Rotatable_Bonds,Affinity,CNNaffinity,Label
NCc1c[nH]c(=S)n1C1CCc2cc(F)cc(F)c2C1,295.358,3.012590000000001,0.8366753653948864,3.4673869981789283,46.74,3,2,2,0.0,5.092,-1
NCc1c[nH]c(=S)n1C1CCc2c(F)cc(F)cc2C1,295.358,3.012590000000002,0.8366753653948864,3.469048536640466,46.74,3,2,2,0.0,4.958,-1
