Mol,O=c1cccccc1O,NCCc1cnc(S)n1[C@H]1COc2c(F)cc(F)cc2C1,CCN(CC)C(=S)SSC(=S)N(CC)CC,NCc1c[nH]c(=S)n1[C@H]1CCc2c(F)cc(F)cc2C1,Fc1cc(F)c2c(c1)C[C@@H](n1c(CCNCc3ccccc3)c[nH]c1=S)CO2,Avg. Similarity
NCc1c[nH]c(=S)n1C1CCc2cc(F)cc(F)c2C1,0.03508771929824561,0.3088235294117647,0.03508771929824561,0.8297872340425532,0.4084507042253521,0.32344738125523226
NCc1c[nH]c(=S)n1C1CCc2c(F)cc(F)cc2C1,0.03508771929824561,0.3283582089552239,0.03508771929824561,1.0,0.42857142857142855,0.3654210152246288
