Mol,C1=CC=C(C(=O)C=C1)O,CCN(CC)C(=S)SSC(=S)N(CC)CC,C1CC2=C(C=C(C=C2C[C@H]1N3C(=CNC3=S)CN)F)F.Cl,C1[C@H](COC2=C1C=C(C=C2F)F)N3C(=CNC3=S)CCN,C1[C@H](COC2=C1C=C(C=C2F)F)N3C(=CNC3=S)CCNCC4=CC=CC=C4,Avg. Similarity
C1C(C(=O)C2=C(C=C(C=C2F)F)C1=O)N3C(=CNC3=S)CCN,0.06896551724137931,0.03333333333333333,0.42857142857142855,0.5333333333333333,0.37333333333333335,0.2875073891625616
C1[C@H](COC2=C1C=C(C=C2Cl)F)N3C(=CNC3=O)CCN,0.06557377049180328,0.015625,0.3880597014925373,0.6379310344827587,0.4520547945205479,0.31184886019752944
C1[C@H](COC2=C1C=C(C=C2Cl)F)N3C(=CNC3=S)CCN,0.031746031746031744,0.031746031746031744,0.5,0.8269230769230769,0.582089552238806,0.39450093853078927
C1CC=C(C2=C(C=C(C=C2C1=O)F)F)N3C(=CNC3=S)CCN,0.06779661016949153,0.03278688524590164,0.3582089552238806,0.4090909090909091,0.2839506172839506,0.2303667954028267
C1CC2=C(C=C(C=C2C[C@H]1N3C(=CNC3=O)CN)Cl)F,0.07142857142857142,0.01694915254237288,0.6,0.3235294117647059,0.24691358024691357,0.25176414319651275
C1CC2=C(C=C(C=C2C[C@H]1N3C(=CNC3=O)CN)F)Cl,0.07017543859649122,0.016666666666666666,0.6181818181818182,0.3582089552238806,0.275,0.2676465757337713
