SMILES,MolWt,LogP,QED,SAS,TPSA,H_Acceptors,H_Donors,Rotatable_Bonds,Affinity,CNNaffinity,Label
CC(CC)Br,137.01999999999998,2.1798,0.48558923055229464,2.961742642018912,0.0,0,0,1,-2.5,3.456,-1
CC(CBr)C,137.01999999999998,2.0373,0.48480705334545643,2.26564236830235,0.0,0,0,1,-2.66,3.529,-1
CCBr,108.966,1.4012,0.4121785720964007,2.5718339617119064,0.0,0,0,0,-1.73,3.409,-1
C(CBr)N,123.98100000000001,0.3400000000000002,0.5008443977932544,2.9932922772372113,26.02,1,1,1,-1.96,3.667,-1
