SMILES,MolWt,LogP,QED,SAS,TPSA,H_Acceptors,H_Donors,Rotatable_Bonds,Affinity,CNNaffinity,Label
Oc1nc2c(O)ccc(C(O)CNCCCSCCNCCc3ccc(Cl)cc3F)c2s1,500.0610000000002,4.078600000000003,0.22599509702071524,3.5228987947185084,97.64000000000001,8,5,13,-7.25,7.181,-1
Oc1nc2c(O)ccc(C(O)CNCCCSCCOCCc3ccccn3)c2s1,449.59800000000024,3.108100000000001,0.29495016221027887,3.529358536018292,107.73000000000002,9,4,13,-6.73,7.525,-1
Oc1nc2c(O)ccc(C(O)CNCCCSCCOCc3ccccc3)c2s1,434.5830000000002,3.670600000000002,0.32314862122177296,3.3389839265065184,94.84000000000002,8,4,12,-7.06,6.833,-1
Oc1nc2c(O)ccc(C(O)CNCCCSCCNCCc3ccc(F)cc3)c2s1,465.6160000000002,3.425200000000001,0.2468265849253981,3.3901685722745656,97.64000000000001,8,5,13,-6.97,6.863,-1
CCc1nc2cc3c(c(Cl)c2o1)CCN(C(C)CCSc1nnc(-c2cccc4nc(C)ccc24)n1C)CC3,561.1550000000001,6.667220000000007,0.2058188250897052,3.596453687584062,72.87,8,0,7,-10.58,8.651,-1
Cc1ccc(N2CCN(CCCSc3ccc(Br)cc3)CC2)nc1,406.3930000000001,4.456920000000004,0.5211247527462638,2.1183248919021054,19.37,4,0,6,-9.59,7.455,-1
Cc1ccc(N2CCN(CCCSc3ccc(Cl)cc3)CC2)nc1,361.9420000000001,4.347820000000004,0.5622121191756472,2.065268408385622,19.37,4,0,6,-9.63,7.215,-1
Cc1cc(-c2ccc3c(c2)CCN(CCCSc2nnc(-c4cccnc4)n2C)CC3)no1,460.60700000000014,4.4235200000000034,0.2984665777535807,2.6226535751364235,72.87,8,0,7,-10.54,8.059,-1
Cc1cc(-c2ccc3c(c2)CCN(CCCSc2nnc(-c4cnncc4)n2C)CC3)no1,461.59500000000014,3.818520000000002,0.303304989966472,2.809496715501213,85.76,9,0,7,-10.99,7.908,-1
