SMILES,MolWt,LogP,QED,SAS,TPSA,H_Acceptors,H_Donors,Rotatable_Bonds,Affinity,CNNaffinity,Label
C1[C@H](COC2=C1C=C(C=C2Cl)F)N3C(=CNC3=O)C,282.702,2.45352,0.8732473466051429,3.4507531755469243,47.019999999999996,3,1,1,0.0,5.048,-1
C1CC2=C(C=C(C=C2C[C@H]1N3C(=CNC3=O)C)Cl)Br,341.63599999999997,3.630720000000002,0.8448162456211081,3.4100350333118,37.79,2,1,1,0.0,5.505,-1
C1CC2=C(C=C(C=C2C[C@H]1N3C(=CNC3=O)C(=O)N)Cl)F,309.728,1.7977999999999998,0.8866412760530114,3.4002525268952946,80.88,3,2,2,0.0,5.24,-1
C1[C@H](COC2=C1C=C(C=C2F)F)N3C(=CNC3=O)CC,280.274,2.1932,0.9163232291304898,3.510829305871236,47.019999999999996,3,1,2,0.0,5.216,-1
