Mol,C1=CC=C(C(=O)C=C1)O,CCN(CC)C(=S)SSC(=S)N(CC)CC,C1CC2=C(C=C(C=C2C[C@H]1N3C(=CNC3=S)CN)F)F.Cl,C1[C@H](COC2=C1C=C(C=C2F)F)N3C(=CNC3=S)CCN,C1[C@H](COC2=C1C=C(C=C2F)F)N3C(=CNC3=S)CCNCC4=CC=CC=C4,Avg. Similarity
C1[C@H](COC2=C1C=C(C=C2Cl)F)N3C(=CNC3=O)C,0.07142857142857142,0.01694915254237288,0.2753623188405797,0.42857142857142855,0.36486486486486486,0.23143526724956348
C1CC2=C(C=C(C=C2C[C@H]1N3C(=CNC3=O)C)Cl)Br,0.07272727272727272,0.017241379310344827,0.3181818181818182,0.18666666666666668,0.16279069767441862,0.15152156691210422
C1CC2=C(C=C(C=C2C[C@H]1N3C(=CNC3=O)C(=O)N)Cl)F,0.08771929824561403,0.01639344262295082,0.40625,0.24324324324324326,0.19767441860465115,0.19025608054329185
C1[C@H](COC2=C1C=C(C=C2F)F)N3C(=CNC3=O)CC,0.07017543859649122,0.05172413793103448,0.390625,0.5964912280701754,0.5,0.32180316091954025
