SMILES,MolWt,LogP,QED,SAS,TPSA,H_Acceptors,H_Donors,Rotatable_Bonds,Affinity,CNNaffinity,Label
CC(=O)NC1CCc2ccc(Oc3cc(-c4cnn5cccnc45)ccc3)cc21,384.4390000000001,4.312000000000003,0.5691915150818108,2.9158776756985034,68.52,5,1,4,-10.4,8.069,-1
CC(=O)NC1CCc2ccc(Oc3cnc4[nH]cc(C(=O)NC(C(=O)N5CC(C#N)C5)C5CC5)c4n3)cc21,513.5580000000003,2.3639799999999997,0.4383039198856119,3.8790474957078676,153.09999999999997,7,3,7,-8.88,8.381,-1
O=C(Nc1nc2cccc(-c3ccc(CN4CCS(=O)(=O)CC4)cc3)n2n1)C1CC1,425.5140000000002,1.9751999999999998,0.6714427615145171,2.583168487121016,96.67,7,1,5,-9.77,7.301,-1
Cn1c(C(=O)NCCN2CCCC2)cc2c(-c3ccc(NC(=O)c4ccc(C#N)cc4)cc3)ncnc21,493.57100000000014,3.584880000000002,0.40655798148910866,2.511766462951833,115.94,7,2,7,-8.17,7.919,-1
CC(Nc1cc(-c2c(N)nn3cccnc23)ncn1)c1ccccc1,331.38300000000004,2.941600000000001,0.5969510857514744,2.9969357612582765,94.02,7,2,4,-8.82,7.199,-1
Nc1nn2cccnc2c1-c1cc(NC2CCc3ccccc32)ncn1,343.394,2.8679000000000014,0.5939290175741415,3.156003689254147,94.02,7,2,3,-9.05,7.263,-1
