SMILES,MolWt,LogP,QED,SAS,TPSA,H_Acceptors,H_Donors,Rotatable_Bonds,Affinity,CNNaffinity,Label
C1CC2=C(C=C(C=C2C[C@H]1N3C(=CNC3=S)CC)O)F,292.37899999999996,3.682790000000002,0.8289705278592104,3.5163183168602465,40.95,3,2,2,0.0,5.038,-1
C1[C@H](COC2=C1C=C(C=C2Cl)F)N3C(=CNC3=S)CCN,327.81200000000007,3.0155900000000004,0.852017112293189,3.563849690047747,55.97,4,2,3,0.0,4.883,-1
C1[C@H](COC2=C1C=C(C=C2F)F)N3C(=CNC3=S)CCNCC4=CC(=C)C=C4,401.4820000000002,4.184590000000003,0.5635902748233848,4.011060807889715,41.98,4,2,6,0.0,5.388,-1
CCN(CC)C(=S)SSC(=S)N(CC)C1=CC=CC=C1,344.59600000000006,4.805900000000005,0.5671763350042497,2.8741213897970326,6.48,4,0,4,0.0,3.915,-1
