Mol,C1=CC=C(C(=O)C=C1)O,CCN(CC)C(=S)SSC(=S)N(CC)CC,C1CC2=C(C=C(C=C2C[C@H]1N3C(=CNC3=S)CN)F)F.Cl,C1[C@H](COC2=C1C=C(C=C2F)F)N3C(=CNC3=S)CCN,C1[C@H](COC2=C1C=C(C=C2F)F)N3C(=CNC3=S)CCNCC4=CC=CC=C4,Avg. Similarity
C1CC2=C(C=C(C=C2C[C@H]1N3C(=CNC3=S)CC)O)F,0.07017543859649122,0.08928571428571429,0.6181818181818182,0.4,0.34210526315789475,0.3039496468443837
C1[C@H](COC2=C1C=C(C=C2Cl)F)N3C(=CNC3=S)CCN,0.031746031746031744,0.031746031746031744,0.5,0.8269230769230769,0.582089552238806,0.39450093853078927
C1[C@H](COC2=C1C=C(C=C2F)F)N3C(=CNC3=S)CCNCC4=CC(=C)C=C4,0.02666666666666667,0.02666666666666667,0.4,0.6461538461538462,0.7101449275362319,0.3619264214046823
CCN(CC)C(=S)SSC(=S)N(CC)C1=CC=CC=C1,0.18421052631578946,0.5517241379310345,0.07352941176470588,0.07142857142857142,0.11688311688311688,0.19955515286464362
