SMILES,MolWt,LogP,QED,SAS,TPSA,H_Acceptors,H_Donors,Rotatable_Bonds,Affinity,CNNaffinity,Label
NCc1c[nH]c(=S)n1[C@H]1CCc2c(C)cc(C)cc2C1,287.432,3.351230000000002,0.8321127954867912,3.4219098003767305,46.74,3.0,2.0,2.0,0.0,4.602,-1
O=c1cccccc1I,232.01999999999998,1.6514,0.621312064468215,2.0718950841486343,17.07,1.0,0.0,0.0,0.0,3.843,-1
NCc1c[nH]c(=O)n1[C@H]1CCc2c(Cl)cc(F)cc2C1,295.745,2.1576000000000004,0.8915617895152688,3.4477205146624446,63.81,3.0,2.0,2.0,0.0,4.898,-1
NCCc1cnc(O)n1[C@H]1COc2c(C)cc(C)cc2C1,287.363,1.88294,0.9037725583853347,3.5867216587570034,73.3,5.0,2.0,3.0,0.0,4.574,-1
