Mol,O=c1cccccc1O,NCCc1cnc(S)n1[C@H]1COc2c(F)cc(F)cc2C1,CCN(CC)C(=S)SSC(=S)N(CC)CC,NCc1c[nH]c(=S)n1[C@H]1CCc2c(F)cc(F)cc2C1,Fc1cc(F)c2c(c1)C[C@@H](n1c(CCNCc3ccccc3)c[nH]c1=S)CO2,Avg. Similarity
NCc1c[nH]c(=S)n1[C@H]1CCc2c(C)cc(C)cc2C1,0.034482758620689655,0.2,0.05263157894736842,0.6730769230769231,0.2948717948717949,0.2510126111033552
O=c1cccccc1I,0.45454545454545453,0.03333333333333333,0.0,0.05357142857142857,0.10606060606060606,0.1295021645021645
NCc1c[nH]c(=O)n1[C@H]1CCc2c(Cl)cc(F)cc2C1,0.07017543859649122,0.28169014084507044,0.016666666666666666,0.6296296296296297,0.275,0.2546323751475716
NCCc1cnc(O)n1[C@H]1COc2c(C)cc(C)cc2C1,0.06779661016949153,0.5245901639344263,0.05,0.21621621621621623,0.2839506172839506,0.22851072152081692
