Mol,C1=CC=C(C(=O)C=C1)O,CCN(CC)C(=S)SSC(=S)N(CC)CC,C1CC2=C(C=C(C=C2C[C@H]1N3C(=CNC3=S)CN)F)F.Cl,C1[C@H](COC2=C1C=C(C=C2F)F)N3C(=CNC3=S)CCN,C1[C@H](COC2=C1C=C(C=C2F)F)N3C(=CNC3=S)CCNCC4=CC=CC=C4,Avg. Similarity
C1CC2=C(C(=C(C=C2C[C@H]1N3C(=CNC3=S)CCN)F)F)F,0.03389830508474576,0.03389830508474576,0.6481481481481481,0.5423728813559322,0.3783783783783784,0.32733920361039004
C1[C@H](COC2=C1C=C(C=C2F)Cl)N3C(=CNC3=S)CCNCC(=O)C,0.056338028169014086,0.056338028169014086,0.33766233766233766,0.5671641791044776,0.589041095890411,0.3213087337990509
C1[C@H](COC2=C1C=C(C=C2F)Cl)N3C(=CNC3=S)CCN,0.03225806451612903,0.03225806451612903,0.4375,0.8076923076923077,0.5671641791044776,0.37537452316580866
CCN(CC)C(=O)N(C(=O)CC)C(=S)N(CC)CC,0.05263157894736842,0.3333333333333333,0.030303030303030304,0.029411764705882353,0.02531645569620253,0.09419923259716338
CCN(CC)C(=S)SCC(=O)C(=S)N(CC)CC,0.05128205128205128,0.4642857142857143,0.029850746268656716,0.04411764705882353,0.025,0.12290723177904916
