SMILES,MolWt,LogP,QED,SAS,TPSA,H_Acceptors,H_Donors,Rotatable_Bonds,Affinity,CNNaffinity,Label
CCN(CC)C(=O)C,115.176,0.8746999999999999,0.5227197904575881,2.0999506380072277,20.31,1,0,2,0.0,3.285,-1
CC(C)COC=O,102.13299999999998,0.8154,0.4928685876608754,2.783808201908693,26.3,2,0,3,0.0,3.499,-1
CC1=CC=CC=C1OC,122.167,2.00362,0.5532379862472909,1.1430120072255576,9.23,1,0,1,0.0,3.175,-1
CC(C)C1=CC=CC=C1,120.19499999999996,2.8100000000000014,0.5342617380464316,1.1101080072255556,0.0,0,0,1,0.0,4.32,-1
CCN(CC)CCO,117.192,0.3205,0.5729565292361727,1.959156681963272,23.47,2,1,4,0.0,3.584,-1
