SMILES,MolWt,LogP,QED,SAS,TPSA,H_Acceptors,H_Donors,Rotatable_Bonds,Affinity,CNNaffinity,Label
CC(C)(C)Br,137.01999999999998,2.1798,0.4485914174987733,2.405108382288363,0.0,0.0,0.0,0.0,-2.46,3.496,-1
CC(C)C(C)Br,151.047,2.4258000000000006,0.5045673024623172,2.782351962400787,0.0,0.0,0.0,1.0,-3.18,3.517,-1
CC(C)(CBr)C,151.047,2.4274000000000004,0.4661280812361133,2.4879944536116056,0.0,0.0,0.0,0.0,-3.14,3.721,-1
CC(C)CBr,137.01999999999998,2.0373,0.48480705334545643,2.26564236830235,0.0,0.0,0.0,1.0,-2.62,3.418,-1
CC(C)(Br)C,137.02,2.1798,0.44859141749877335,2.405108382288363,0.0,0.0,0.0,0.0,-2.48,3.315,-1
CC(C)C(C)Cl,106.596,2.2697000000000003,0.45015514550289176,2.704525926897828,0.0,0.0,0.0,1.0,-2.97,3.601,-1
CC(C)Br,122.993,1.7897,0.43047180293883447,2.3987307387756722,0.0,0.0,0.0,0.0,-2.15,3.501,-1
CC(C)(CCl)C,106.596,2.2713,0.4158628278207811,2.3787802524281734,0.0,0.0,0.0,0.0,-3.22,3.618,-1
