Mol,C1=CC=C(C(=O)C=C1)O,CCN(CC)C(=S)SSC(=S)N(CC)CC,C1CC2=C(C=C(C=C2C[C@H]1N3C(=CNC3=S)CN)F)F.Cl,C1[C@H](COC2=C1C=C(C=C2F)F)N3C(=CNC3=S)CCN,C1[C@H](COC2=C1C=C(C=C2F)F)N3C(=CNC3=S)CCNCC4=CC=CC=C4,Avg. Similarity
C1=CC=C(C(=O)N)C=C1C(=S)N(CC)CC,0.15,0.2777777777777778,0.08823529411764706,0.08571428571428572,0.0875,0.1378454715219421
CCN(CC)C(=S)C1=CC=C(C=C1)N,0.1111111111111111,0.3793103448275862,0.07936507936507936,0.09375,0.06578947368421052,0.14586520179759743
CCN(CC)C(=S)C1=CC=C(C=C1)S,0.1111111111111111,0.3333333333333333,0.0625,0.06060606060606061,0.06578947368421052,0.12666799574694312
