Mol,C1=CC=C(C(=O)C=C1)O,CCN(CC)C(=S)SSC(=S)N(CC)CC,C1CC2=C(C=C(C=C2C[C@H]1N3C(=CNC3=S)CN)F)F.Cl,C1[C@H](COC2=C1C=C(C=C2F)F)N3C(=CNC3=S)CCN,C1[C@H](COC2=C1C=C(C=C2F)F)N3C(=CNC3=S)CCNCC4=CC=CC=C4,Avg. Similarity
C1=CC(=C(C(=O)N2C(=CNC2=S)CC)C=C1)F,0.15217391304347827,0.10416666666666667,0.24615384615384617,0.23880597014925373,0.25333333333333335,0.19892674586931564
C1[C@H](COC2=C1C=C(C=C2Cl)F)N3C(=CNC3=S)CCN(CC)C,0.029411764705882353,0.09375,0.4,0.6129032258064516,0.5205479452054794,0.33132258714356266
CCN(CC)C(=S)C1=C(C=C(C=C1)N2C(=CNC2=S)CC)C(=O)C,0.08928571428571429,0.19607843137254902,0.18666666666666668,0.18181818181818182,0.1724137931034483,0.16525255744931203
CCN(CC)C(=S)C1=C(C=C(C=C1)C(=O)N2C(=CNC2=S))F,0.08928571428571429,0.19607843137254902,0.17105263157894737,0.16666666666666666,0.1590909090909091,0.15643487059895728
C1=C(C=C(C(=O)N2C(=CNC2=S)CC)C=C1)O,0.14893617021276595,0.10204081632653061,0.20588235294117646,0.2,0.20253164556962025,0.17187819701001866
CCN(CC)C(=S)C1=C(C=C(C=C1)F)C(=O)N2C(=CNC2=S),0.09090909090909091,0.2,0.17333333333333334,0.16883116883116883,0.16091954022988506,0.15879862666069564
C1CC2=C(C=C(C=C2C[C@H]1N3C(=CNC3=S)N(CC)CC)F)O,0.08333333333333333,0.1206896551724138,0.55,0.35714285714285715,0.30864197530864196,0.28396156419144924
C1[C@H](COC2=C1C=C(C=C2N(CC)CC)Cl)N3C(=CNC3=S),0.03225806451612903,0.10344827586206896,0.21052631578947367,0.323943661971831,0.2804878048780488,0.19013282460351028
