SMILES,MolWt,LogP,QED,SAS,TPSA,H_Acceptors,H_Donors,Rotatable_Bonds,Affinity,CNNaffinity,Label
CCN(CC)C(=O)C(=O)N(CC)CC,200.28199999999995,0.7231999999999998,0.6274536322331327,2.385144297278023,40.620000000000005,2,0,4,0.0,3.93,-1
