SMILES,MolWt,LogP,QED,SAS,TPSA,H_Acceptors,H_Donors,Rotatable_Bonds,Affinity,CNNaffinity,Label
C1=CC=C(C=C1)N2C(=O)N(C=N2)CC3=CC=CC=C3,251.289,2.0823,0.7146885185446726,1.9122398775904497,39.82,4,0,3,0.0,5.49,-1
C1=CC=C(C=C1)N2C(=O)N(C=N2)CC3=CC=CC=C3,251.289,2.0822999999999996,0.7146885185446726,1.9122398775904497,39.82,4,0,3,0.0,5.49,-1
