SMILES,MolWt,LogP,QED,SAS,TPSA,H_Acceptors,H_Donors,Rotatable_Bonds,Affinity,CNNaffinity,Label
CC(Nc1cc(-c2c(N)nn3cccnc23)ncn1)c1cccnc1,332.37100000000004,2.3366,0.5903626833080035,3.1871136327019016,106.91,8,2,4,-7.93,7.173,-1
Cn1c(C(=O)NCCN2CCC3CCCCC3C2)cc2c(-c3ccc(NC(=O)c4ccncc4)cc3)ncnc21,537.6680000000001,4.524500000000003,0.3591135063259684,3.4031827349235977,105.04,7,2,7,-9.44,7.848,-1
O=C(Nc1nc2cccc(-c3ccc(CN4CCOCC4)cc3)n2n1)C1CC1,377.44800000000015,2.577000000000001,0.7399536435681686,2.319136250103563,71.76,6,1,5,-9.42,7.264,-1
Cn1c(C(=O)NCCN2CCC(C2)C#N)cc2c(-c3ccc(NC(=O)c4ccncc4)cc3)ncnc21,494.55900000000014,2.8578800000000015,0.4041589137655406,3.2001378300609824,128.82999999999998,8,2,7,-9.08,8.336,-1
O=C(Nc1nc2cccc(-c3ccc(CN4CCN(CC4)C(=O)C)cc3)n2n1)C1CC1,418.5010000000002,2.408900000000001,0.6880886947488458,2.370479157362121,82.84,6,1,5,-9.46,7.608,-1
CC(Nc1cc(-c2c(N)nn3cccnc23)ncn1)C1CCCCC1,337.4310000000002,3.1492000000000013,0.7593317828263645,3.2489983534605953,94.02,7,2,4,-8.63,7.455,-1
