SMILES,MolWt,LogP,QED,SAS,TPSA,H_Acceptors,H_Donors,Rotatable_Bonds,Affinity,CNNaffinity,Label
C1CC2=C(C(=C(C=C2C[C@H]1N3C(=CNC3=S)CCN)F)F)F,327.37499999999994,3.1941900000000008,0.6717061638475238,3.596083174638272,46.739999999999995,3.0,2.0,3.0,0.0,5.302,-1
C1[C@H](COC2=C1C=C(C=C2F)Cl)N3C(=CNC3=S)CCNCC(=O)C,383.87600000000015,3.2354900000000013,0.5935972307816363,3.614948812590507,59.05,5.0,2.0,6.0,0.0,5.183,-1
C1[C@H](COC2=C1C=C(C=C2F)Cl)N3C(=CNC3=S)CCN,327.81200000000007,3.0155900000000004,0.852017112293189,3.587740172446704,55.97,4.0,2.0,3.0,0.0,5.086,-1
CCN(CC)C(=O)N(C(=O)CC)C(=S)N(CC)CC,287.42900000000003,2.3135000000000003,0.7279111040904575,2.9879048304946902,43.86000000000001,3.0,0.0,5.0,0.0,3.745,-1
CCN(CC)C(=S)SCC(=O)C(=S)N(CC)CC,306.5220000000001,2.584600000000001,0.6701353360485343,3.0974357205909335,23.550000000000004,4.0,0.0,7.0,0.0,4.016,-1
