SMILES,MolWt,LogP,QED,SAS,TPSA,H_Acceptors,H_Donors,Rotatable_Bonds,Affinity,CNNaffinity,Label
C1CC2=C(C=C(C=C2C[C@H]1N3C(=CNC3=S)C(=O)C)F)F,308.353,3.756490000000002,0.677437756248169,3.452347487107497,37.79,3,1,2,0.0,5.213,-1
C1[C@H](COC2=C1C=C(C=C2F)C(=O)N)N3C(=CNC3=S)CCN,336.3920000000001,1.4610900000000002,0.736159086225121,3.5749091900470398,99.06,5,3,4,0.0,4.806,-1
CCN(CC)C(=S)C(=O)N(CC)CC,216.35,1.524,0.6657922121425521,2.7129959703075226,23.550000000000004,2,0,4,0.0,3.793,-1
C1[C@H](COC2=C1C=C(C=C2F)C(=S)N)N3C(=CNC3=S)CCNCC4=CC=CC=C4,442.58500000000015,3.8274900000000023,0.3833655981571802,3.3975683380045982,68.0,5,3,7,0.0,5.39,-1
