SMILES,MolWt,LogP,QED,SAS,TPSA,H_Acceptors,H_Donors,Rotatable_Bonds,Affinity,CNNaffinity,Label
C1[C@H](COC2=C1C=C(C=C2Cl)F)N3C(=CNC3=S)CCNCC4=CC=CC=C4,417.9370000000001,4.846690000000003,0.4448554639191132,3.245951641223048,41.98,4,2,6,0.0,5.563,-1
C1[C@H](COC2=C1C=CC(=C2F)F)N3C(=NC=C3)CCNCC4=CC=CC=C4,369.4150000000001,3.669800000000002,0.6741236304677355,3.111309655931674,39.08,4,1,6,0.0,5.499,-1
C1[C@H](COC2=C1C=C(C=C2Cl)F)N3C(=CNC3=S)CCNCC4=CC=CC=C4,417.9370000000001,4.846690000000003,0.4448554639191132,3.245951641223048,41.98,4,2,6,0.0,5.645,-1
C1[C@H](COC2=C1C=C(C=C2Br)F)N3C(=CNC3=S)CCNCC4=CC=CC=C4,462.38800000000015,4.955790000000003,0.40231906227935,3.309823436094842,41.98,4,2,6,0.0,5.722,-1
C1[C@H](COC2=C1C=C(C=C2Cl)F)N3C(=CNC3=S)CCNCC4=CC=CC=C4,417.9370000000001,4.846690000000003,0.4448554639191132,3.245951641223048,41.98,4,2,6,0.0,5.825,-1
