SMILES,MolWt,LogP,QED,SAS,TPSA,H_Acceptors,H_Donors,Rotatable_Bonds,Affinity,CNNaffinity,Label
C1CC2=C(C=C(C=C2C[C@H]1N3C(=CNC3=O)CC)F)F.Cl,314.763,3.1688000000000014,0.9081279538684098,3.4922236144284518,37.79,2,1,2,0.0,5.302,-1
C1[C@H](COC2=C1C=C(C=C2Cl)F)N3C(=CNC3=S)CCN,327.81200000000007,3.0155900000000004,0.852017112293189,3.563849690047747,55.97,4,2,3,0.0,5.094,-1
C1[C@H](COC2=C1C=C(C=C2F)Cl)N3C(=CNC3=O)CCNCC4=CC=CC=C4,401.86900000000014,3.477400000000002,0.6216087786147281,3.246367025838433,59.05,4,2,6,0.0,5.548,-1
C1CC2=C(C=C(C=C2C[C@H]1N3C(=CNC3=N)CN)Cl)Cl,311.216,2.79117,0.783956068221048,3.745716943233873,70.59,3,3,2,0.0,4.752,-1
C1[C@H](COC2=C1C=C(C=C2Cl)F)N3C(=CNC3=N)CCN,310.76000000000005,1.76557,0.807419485425701,3.8500403028248007,79.82,4,3,3,0.0,4.541,-1
C1[C@H](COC2=C1C=C(C=C2Cl)Cl)N3C(=CNC3=N)CCNCC4=CC=CC=C4,417.34000000000015,4.110970000000003,0.5288125219360296,3.434987538658945,65.83,4,3,6,0.0,5.433,-1
