SMILES,MolWt,LogP,QED,SAS,TPSA,H_Acceptors,H_Donors,Rotatable_Bonds,Affinity,CNNaffinity,Label
CC(=O)NC1CCc2ccc(Oc3cnc4[nH]cc(C(=O)NC(C(=O)N5CC(C#N)C5)C5CC5)c4n3)cc21,513.5580000000003,2.3639799999999997,0.4383039198856119,3.8790474957078676,153.09999999999997,7,3,7,-8.65,8.793,-1
Nc1nn2cccnc2c1-c1cc(NC2CCc3ccccc32)ncn1,343.394,2.8679000000000014,0.5939290175741415,3.156003689254147,94.02,7,2,3,-8.96,7.288,-1
