SMILES,MolWt,LogP,QED,SAS,TPSA,H_Acceptors,H_Donors,Rotatable_Bonds,Affinity,CNNaffinity,Label
O=C(Nc1nc2cccc(-c3ccc(CN4CCS(=O)(=O)CC4)cc3)n2n1)C1CC1,425.5140000000002,1.9751999999999998,0.6714427615145171,2.583168487121016,96.67,7.0,1.0,5.0,-7.93,7.65,-1
Cn1c(C(=O)NCCN2CCCC2)cc2c(-c3ccc(NC(=O)c4ccc(C#N)cc4)cc3)ncnc21,493.57100000000014,3.584880000000002,0.40655798148910866,2.511766462951833,115.94,7.0,2.0,7.0,-8.16,7.85,-1
