SMILES,MolWt,LogP,QED,SAS,TPSA,H_Acceptors,H_Donors,Rotatable_Bonds,Affinity,CNNaffinity,Label
CC(=O)N1CCc2ccc(Oc3ncnc4[nH]c(C(=O)N(C(=O)N5CCCC5)C5CC5)c4n3)cc21,475.5090000000004,2.826200000000001,0.6151156222543486,3.2519651397124054,124.62,7.0,1.0,4.0,-9.28,8.13,-1
CC(=O)N1CCc2ccc(Oc3ncnc4[nH]c(C(=O)N(C(=O)N5CCCC5)C5CC5)c4n3)cc21,475.5090000000004,2.826200000000001,0.6151156222543486,3.2519651397124054,124.62,7.0,1.0,4.0,-9.28,8.13,-1
CC(=O)N1CCc2ccc(NC(=O)N3CC(C#N)C3)cc21,284.3190000000001,1.58288,0.8503043498694416,2.4758202782571037,76.44,3.0,1.0,1.0,-7.59,6.579,-1
CC(=O)N1C2=C(C(=O)N(C3CCN(C(=O)C4CCCCC4)C3)C1)N=C(N2)c1cccc(c1)C(=O)N(C5CCN(C(=O)C6CCCC6)C5)C(=O)N3CCCCC3,754.9329999999995,4.863300000000003,0.4426645326011596,4.332271327786719,150.54,7.0,1.0,6.0,-9.69,7.836,-1
CC(=O)N1C2=C(C(=O)N(C3CCN(C(=O)C4CCCCC4)C3)C1)N=C(N2)c1cccc(c1)C(=O)N(C5CCN(C(=O)C6CCCC6)C5)C(=O)N3CCCCC3,754.9329999999995,4.863300000000003,0.4426645326011596,4.332271327786719,150.54,7.0,1.0,6.0,-9.69,7.836,-1
