SMILES,MolWt,LogP,QED,SAS,TPSA,H_Acceptors,H_Donors,Rotatable_Bonds,Affinity,CNNaffinity,Label
C1CCC2=C(C1)C=C(C=C2[C@H]3N(C)C(=CNC3=S)CN)F,305.422,2.4081,0.823472001762791,3.893547734376299,41.29,3.0,2.0,2.0,0.0,4.707,-1
CCN(CC)C(=S)SSC(=S)N(CC)CC(=O),310.5350000000001,2.800200000000001,0.4369963898530366,3.4684388895328633,23.55,5.0,0.0,5.0,0.0,3.524,-1
C1CCC2=C(C1)C(=CC=C2[C@H]3N(C)C(=CNC3=S)CN)F,305.422,2.4081,0.823472001762791,3.839073679617499,41.29,3.0,2.0,2.0,0.0,4.538,-1
C1CC(=CC=C1)N2C(=O)C3=CC=CC=C3[C@@H](C2)F,243.28099999999998,3.3869000000000025,0.7400199228777179,3.4983753016450008,20.310000000000002,1.0,0.0,1.0,0.0,5.004,-1
C1=CC(=CC=C1C(=O)C2=CC=CC=C2)O,198.221,2.623200000000001,0.752963013789133,1.3707649613799457,37.3,2.0,1.0,2.0,0.0,3.834,-1
C1=CC=C(C=C1)CC(=O)C2=CC=CC=C2O,212.248,2.817600000000002,0.7941733402170982,1.5093548298633799,37.3,2.0,1.0,3.0,0.0,3.736,-1
CCN(CC)C(=S)SSC(=S)N(CC)CC,296.5520000000001,3.6212000000000026,0.5731348904238734,3.1203704533703096,6.48,4.0,0.0,4.0,0.0,3.458,-1
