Mol,C1=CC=C(C(=O)C=C1)O,CCN(CC)C(=S)SSC(=S)N(CC)CC,C1CC2=C(C=C(C=C2C[C@H]1N3C(=CNC3=S)CN)F)F.Cl,C1[C@H](COC2=C1C=C(C=C2F)F)N3C(=CNC3=S)CCN,C1[C@H](COC2=C1C=C(C=C2F)F)N3C(=CNC3=S)CCNCC4=CC=CC=C4,Avg. Similarity
C1CCC2=C(C1)C=C(C=C2[C@H]3N(C)C(=CNC3=S)CN)F,0.03389830508474576,0.05172413793103448,0.3088235294117647,0.2465753424657534,0.18604651162790697,0.16541356530424106
CCN(CC)C(=S)SSC(=S)N(CC)CC(=O),0.05263157894736842,0.6666666666666666,0.046153846153846156,0.04477611940298507,0.05194805194805195,0.17243525262378365
C1CCC2=C(C1)C(=CC=C2[C@H]3N(C)C(=CNC3=S)CN)F,0.05357142857142857,0.05357142857142857,0.24285714285714285,0.18666666666666668,0.14942528735632185,0.1372183908045977
C1CC(=CC=C1)N2C(=O)C3=CC=CC=C3[C@@H](C2)F,0.14893617021276595,0.018867924528301886,0.09333333333333334,0.07692307692307693,0.10465116279069768,0.08854233355763516
C1=CC(=CC=C1C(=O)C2=CC=CC=C2)O,0.34615384615384615,0.029411764705882353,0.05,0.031746031746031744,0.08571428571428572,0.10860518566400919
C1=CC=C(C=C1)CC(=O)C2=CC=CC=C2O,0.3793103448275862,0.05263157894736842,0.0625,0.06060606060606061,0.14084507042253522,0.1391786109607101
CCN(CC)C(=S)SSC(=S)N(CC)CC,0.03225806451612903,1.0,0.034482758620689655,0.03333333333333333,0.028169014084507043,0.22564863411093183
